{
	"info": {
		"_postman_id": "38576a8f-c26c-4b6a-9065-57d9e11352b0",
		"name": "EjercicioRestOB LAPTOPS",
		"schema": "https://schema.getpostman.com/json/collection/v2.1.0/collection.json"
	},
	"item": [
		{
			"name": "/api/hello",
			"request": {
				"method": "GET",
				"header": [],
				"url": {
					"raw": "http://localhost:8080/api/hello",
					"protocol": "http",
					"host": [
						"localhost"
					],
					"port": "8080",
					"path": [
						"api",
						"hello"
					]
				}
			},
			"response": []
		},
		{
			"name": "/api/Laptops",
			"request": {
				"method": "GET",
				"header": [],
				"url": {
					"raw": "http://localhost:8080/api/laptops",
					"protocol": "http",
					"host": [
						"localhost"
					],
					"port": "8080",
					"path": [
						"api",
						"laptops"
					]
				}
			},
			"response": []
		},
		{
			"name": "/api/laptops",
			"request": {
				"method": "POST",
				"header": [],
				"body": {
					"mode": "raw",
					"raw": "{\r\n        \"marca\": \"Gigabyte\",\r\n        \"modelo\": \"G6735\",\r\n        \"touch\": false\r\n}",
					"options": {
						"raw": {
							"language": "json"
						}
					}
				},
				"url": {
					"raw": "http://localhost:8080/api/laptops",
					"protocol": "http",
					"host": [
						"localhost"
					],
					"port": "8080",
					"path": [
						"api",
						"laptops"
					]
				}
			},
			"response": []
		},
		{
			"name": "/api/laptops/4",
			"request": {
				"method": "GET",
				"header": [],
				"url": {
					"raw": "http://localhost:8080/api/laptops/4",
					"protocol": "http",
					"host": [
						"localhost"
					],
					"port": "8080",
					"path": [
						"api",
						"laptops",
						"4"
					]
				}
			},
			"response": []
		},
		{
			"name": "/api/laptops",
			"request": {
				"method": "PUT",
				"header": [],
				"body": {
					"mode": "raw",
					"raw": "{\r\n        \"id\": 2,\r\n        \"marca\": \"Acer actualizada desde POSTMAN\",\r\n        \"modelo\": \"A1523\",\r\n        \"touch\": false\r\n    }",
					"options": {
						"raw": {
							"language": "json"
						}
					}
				},
				"url": {
					"raw": "http://localhost:8080/api/laptops",
					"protocol": "http",
					"host": [
						"localhost"
					],
					"port": "8080",
					"path": [
						"api",
						"laptops"
					]
				}
			},
			"response": []
		},
		{
			"name": "/api/laptops",
			"request": {
				"method": "DELETE",
				"header": [],
				"url": {
					"raw": "http://localhost:8080/api/laptops/2",
					"protocol": "http",
					"host": [
						"localhost"
					],
					"port": "8080",
					"path": [
						"api",
						"laptops",
						"2"
					]
				}
			},
			"response": []
		},
		{
			"name": "/api/laptops",
			"request": {
				"method": "DELETE",
				"header": [],
				"url": {
					"raw": "http://localhost:8080/api/laptops",
					"protocol": "http",
					"host": [
						"localhost"
					],
					"port": "8080",
					"path": [
						"api",
						"laptops"
					]
				}
			},
			"response": []
		}
	]
}